{"count":1,"gauges":{"3DBall.CumulativeReward":{"count":24,"max":99.99905,"min":-0.6,"value":11.20001,"weightedAverage":43.5016937}},"self":118.8354688,"total":122.319887,"children":{"AgentSendState":{"count":6102,"self":0.2451506,"total":0.3660275,"children":{"CollectObservations":{"count":15380,"self":0.1208769,"total":0.1208769,"children":null}}},"DecideAction":{"count":6102,"self":2.8006368,"total":2.8006368999999998,"children":null},"AgentAct":{"count":6102,"self":0.3157852,"total":0.3157852,"children":null}}}