{"count":1,"gauges":{"3DBallHard.CumulativeReward":{"count":5,"max":10.2000065,"min":0.500000238,"value":3.09999847,"weightedAverage":3.27695322}},"self":26.2375328,"total":26.892943499999998,"children":{"AgentSendState":{"count":1326,"self":0.0397914,"total":0.0518085,"children":{"CollectObservations":{"count":3192,"self":0.0120171,"total":0.0120171,"children":null}}},"DecideAction":{"count":1326,"self":0.5218902,"total":0.5218902,"children":null},"AgentAct":{"count":1326,"self":0.079717299999999991,"total":0.079717299999999991,"children":null}}}