{"count":1,"gauges":{"Bouncer.CumulativeReward":{"count":18,"max":18.54375,"min":12.62403,"value":17.6883965,"weightedAverage":15.7115555}},"self":29.2265664,"total":29.685610699999998,"children":{"AgentSendState":{"count":1472,"self":0.0249362,"total":0.0279289,"children":{"CollectObservations":{"count":415,"self":0.0029927,"total":0.0029927,"children":null}}},"DecideAction":{"count":1472,"self":0.4221067,"total":0.4221067,"children":null},"AgentAct":{"count":1472,"self":0.0080124,"total":0.0080124,"children":null}}}