{"count":1,"gauges":{"CrawlerDynamic.CumulativeReward":{"count":3,"max":218.8943,"min":15.3406239,"value":218.8943,"weightedAverage":70.39136}},"self":32.2740544,"total":33.8945486,"children":{"AgentSendState":{"count":2510,"self":0.0966649,"total":0.3269081,"children":{"CollectObservations":{"count":4016,"self":0.23024319999999998,"total":0.23024319999999998,"children":null}}},"DecideAction":{"count":2510,"self":1.1843569999999999,"total":1.1843569999999999,"children":null},"AgentAct":{"count":2510,"self":0.1082306,"total":0.1082306,"children":null}}}