{"count":1,"gauges":{},"self":33.646879999999996,"total":33.711499499999995,"children":{"AgentSendState":{"count":1668,"self":0.0179127,"total":0.022851999999999997,"children":{"CollectObservations":{"count":334,"self":0.0049393,"total":0.0049393,"children":null}}},"DecideAction":{"count":1668,"self":0.0049856,"total":0.0049856,"children":null},"AgentAct":{"count":1668,"self":0.034788099999999995,"total":0.034788099999999995,"children":null}}}